Model,Kalibrasi,ROC_AUC,Brier_Score,Log_Loss,ECE,Accuracy,Precision,Recall,Specificity,F1_Score,TP,FP,TN,FN
Logistic Regression (Baseline),Raw,1.0,0.02538431045617636,0.1133225532529194,0.09431402585680473,0.9615384615384616,0.9411764705882353,1.0,0.9,0.9696969696969697,16,1,9,0
Logistic Regression (Baseline),Platt,0.99375,0.02902988786156305,0.13359978556805582,0.0797525340065701,0.9615384615384616,0.9411764705882353,1.0,0.9,0.9696969696969697,16,1,9,0
Logistic Regression (Baseline),Isotonic,0.915625,0.07720969957362814,2.6603320730693216,0.07360284378395494,0.9230769230769231,0.9375,0.9375,0.9,0.9375,15,1,9,1
Random Forest,Raw,0.99375,0.03909151184263969,0.13669283934672077,0.0639507575757576,0.9230769230769231,0.9375,0.9375,0.9,0.9375,15,1,9,1
Random Forest,Platt,0.99375,0.045902089138728404,0.1779998675744808,0.10398817197276033,0.9230769230769231,0.9375,0.9375,0.9,0.9375,15,1,9,1
Random Forest,Isotonic,0.9187500000000001,0.07692307692307693,2.6568597072019835,0.07692307692307693,0.9230769230769231,0.9375,0.9375,0.9,0.9375,15,1,9,1
Gradient Boosting,Raw,0.9375,0.09307851504094053,0.4788789979597045,0.09774782832175297,0.8846153846153846,0.9333333333333333,0.875,0.9,0.9032258064516129,14,1,9,2
Gradient Boosting,Platt,0.8812500000000001,0.08886718994188823,0.3277639521905312,0.07085523365956461,0.8846153846153846,0.9333333333333333,0.875,0.9,0.9032258064516129,14,1,9,2
Gradient Boosting,Isotonic,0.8625,0.1119521261566716,2.7878140624547707,0.07488344988344993,0.8846153846153846,0.8823529411764706,0.9375,0.8,0.9090909090909091,15,2,8,1
MLP Neural Network,Raw,1.0,0.0006684470485320555,0.007891523541033115,0.007533864460756771,1.0,1.0,1.0,1.0,1.0,16,0,10,0
MLP Neural Network,Platt,1.0,0.01642429249346752,0.10491904866971097,0.0947188991525846,1.0,1.0,1.0,1.0,1.0,16,0,10,0
MLP Neural Network,Isotonic,1.0,0.0015722061508840585,0.011438773606411958,0.010555235229383031,1.0,1.0,1.0,1.0,1.0,16,0,10,0
